url,status_code
https://bcswomenlovelace.bcs.org/,200
https://bcswomenlovelace.bcs.org/?page_id=863,200
https://bcswomenlovelace.bcs.org/?page_id=494,200
https://bcswomenlovelace.bcs.org/?page_id=398,200
https://bcswomenlovelace.bcs.org/?page_id=286,200
https://bcswomenlovelace.bcs.org/?page_id=478,200
https://bcswomenlovelace.bcs.org/?page_id=28,200
https://bcswomenlovelace.bcs.org/wp-content/uploads/60502087_10104212016608729_5244024587309547520_o.jpg,200
https://bcswomenlovelace.bcs.org/?page_id=12,200
https://bcswomenlovelace.bcs.org/?page_id=168,200
https://bcswomenlovelace.bcs.org/?page_id=99,200
https://bcswomenlovelace.bcs.org/?page_id=36,200
https://bcswomenlovelace.bcs.org/?page_id=8,200
https://bcswomenlovelace.bcs.org/?page_id=743,200
https://bcswomenlovelace.bcs.org/?page_id=24,200
https://bcswomenlovelace.bcs.org/?page_id=204,200
https://bcswomenlovelace.bcs.org/?page_id=10,200
https://bcswomenlovelace.bcs.org/?page_id=109,200
https://bcswomenlovelace.bcs.org/?page_id=22,200
https://bcswomenlovelace.bcs.org/?page_id=20,200
https://bcswomenlovelace.bcs.org/?page_id=26,200
https://bcswomenlovelace.bcs.org/?page_id=150,200
https://bcswomenlovelace.bcs.org/?page_id=16,200
https://bcswomenlovelace.bcs.org/?page_id=14,200
https://bcswomenlovelace.bcs.org/?page_id=621,200
https://bcswomenlovelace.bcs.org/?page_id=617,200
https://bcswomenlovelace.bcs.org/?page_id=18,200
https://bcswomenlovelace.bcs.org/?page_id=251,200
https://bcswomenlovelace.bcs.org/?page_id=92,200
https://bcswomenlovelace.bcs.org/wp-content/uploads/Abstract_book_2022.pdf,200
https://bcswomenlovelace.bcs.org/wp-content/uploads/148.png,200
https://bcswomenlovelace.bcs.org/wp-content/uploads/124.png,200
https://bcswomenlovelace.bcs.org/wp-content/uploads/174.png,200
https://bcswomenlovelace.bcs.org/wp-content/uploads/106.png,200
https://bcswomenlovelace.bcs.org/wp-content/uploads/131.png,200
https://bcswomenlovelace.bcs.org/wp-content/uploads/165.png,200
https://bcswomenlovelace.bcs.org/wp-content/uploads/134.png,200
https://bcswomenlovelace.bcs.org/wp-content/uploads/117.png,200
https://bcswomenlovelace.bcs.org/wp-content/uploads/132.png,200
https://bcswomenlovelace.bcs.org/wp-content/uploads/montage-2.png,200
https://bcswomenlovelace.bcs.org/wp-content/uploads/118.png,200
https://bcswomenlovelace.bcs.org/wp-content/uploads/Abstractbook2020BCSWomen_Lovelace_Colloquium.pdf,200
https://bcswomenlovelace.bcs.org/wp-content/uploads/montage.png,200
https://bcswomenlovelace.bcs.org/wp-content/uploads/sophie_dillon.png,200
https://bcswomenlovelace.bcs.org/wp-content/uploads/Darya_Koskeroglu.png,200
https://bcswomenlovelace.bcs.org/wp-content/uploads/Georgina_Parker.png,200
https://bcswomenlovelace.bcs.org/wp-content/uploads/Genevieve_Georgiades.png,200
https://bcswomenlovelace.bcs.org/wp-content/uploads/erin_watson.png,200
https://bcswomenlovelace.bcs.org/wp-content/uploads/ocado.png,200
https://bcswomenlovelace.bcs.org/wp-content/uploads/saxon_partridge_smith.png,200
https://bcswomenlovelace.bcs.org/wp-content/uploads/Srimoyee_Ghosh.png,200
https://bcswomenlovelace.bcs.org/wp-content/uploads/Radina_Kraeva.png,200
https://bcswomenlovelace.bcs.org/wp-content/uploads/Abstract-book-2023-BCSWomen_Lovelace_Colloquium.pdf,200
https://bcswomenlovelace.bcs.org/wp-content/uploads/Qiuye_Zhang.png,200
https://bcswomenlovelace.bcs.org/wp-content/uploads/Jasmine_Brown.png,200
https://bcswomenlovelace.bcs.org/wp-content/uploads/design_1_noorafsha.png,200
https://bcswomenlovelace.bcs.org/wp-content/uploads/4_1_Molly.png,200
https://bcswomenlovelace.bcs.org/wp-content/uploads/3_1_Emilia.png,200
https://bcswomenlovelace.bcs.org/wp-content/uploads/1_1_Purvi.png,200
https://bcswomenlovelace.bcs.org/wp-content/uploads/highly-commended-natalie-yashvi.png,200
https://bcswomenlovelace.bcs.org/wp-content/uploads/design_2_Sapphire.png,200
https://bcswomenlovelace.bcs.org/wp-content/uploads/design-3-Christina.png,200
https://bcswomenlovelace.bcs.org/wp-content/uploads/4_2_Nadeen.png,200
https://bcswomenlovelace.bcs.org/wp-content/uploads/BCSWomenLovelaceabstractbook2021.pdf,200
https://bcswomenlovelace.bcs.org/?page_id=346,200
https://bcswomenlovelace.bcs.org/wp-content/uploads/p_1_Elisabet.png,200
https://bcswomenlovelace.bcs.org/wp-content/uploads/ladyduck.png,200
https://bcswomenlovelace.bcs.org/wp-content/uploads/2_2_Marta.png,200
https://bcswomenlovelace.bcs.org/wp-content/uploads/2_1_Molly.png,200
https://bcswomenlovelace.bcs.org/wp-content/uploads/AdaMarkMS.png,200
https://bcswomenlovelace.bcs.org/wp-content/uploads/1_2_Karonlina.png,200
https://bcswomenlovelace.bcs.org/wp-content/uploads/3_2_Alex.png,200
https://bcswomenlovelace.bcs.org/wp-content/uploads/montage-1.png,200
https://bcswomenlovelace.bcs.org/wp-content/uploads/highly_commended_alisha.png,200
https://bcswomenlovelace.bcs.org/wp-content/uploads/highly-commended-laura.png,200
https://bcswomenlovelace.bcs.org/?page_id=94,200
https://bcswomenlovelace.bcs.org/?page_id=588,200
https://bcswomenlovelace.bcs.org/wp-content/uploads/BCSWomen_Lovelace_Colloquium_24_abstract_book.pdf,200
https://bcswomenlovelace.bcs.org/wp-content/uploads/panel.jpg,200
https://bcswomenlovelace.bcs.org/wp-content/uploads/459.png,200
https://bcswomenlovelace.bcs.org/wp-content/uploads/379.png,200
https://bcswomenlovelace.bcs.org/wp-content/uploads/401.png,200
https://bcswomenlovelace.bcs.org/wp-content/uploads/Screenshot-from-2024-04-09-16-36-42-e1712677064289.png,200
https://bcswomenlovelace.bcs.org/wp-content/uploads/352.png,200
https://bcswomenlovelace.bcs.org/wp-content/uploads/343.png,200
https://bcswomenlovelace.bcs.org/wp-content/uploads/405.png,200
https://bcswomenlovelace.bcs.org/wp-content/uploads/458.png,200
https://bcswomenlovelace.bcs.org/wp-content/uploads/Screenshot-from-2024-04-09-16-42-55.png,200
https://bcswomenlovelace.bcs.org/wp-content/uploads/carron_keynote.jpg,200
https://bcswomenlovelace.bcs.org/wp-content/uploads/533.png,200
https://bcswomenlovelace.bcs.org/wp-content/uploads/496.png,200
https://bcswomenlovelace.bcs.org/wp-content/uploads/group.jpeg,200
https://bcswomenlovelace.bcs.org/wp-content/uploads/abstract-book-2019.pdf,200
https://bcswomenlovelace.bcs.org/wp-content/uploads/sheffergrin-white-square-background.png,200
https://bcswomenlovelace.bcs.org/wp-content/uploads/Elephantbig_trans.png,200
https://bcswomenlovelace.bcs.org/wp-content/uploads/liverbird-firstdraft-e1696846513929.png,200
https://bcswomenlovelace.bcs.org/wp-content/uploads/AberGull180px_trans.png,200
https://bcswomenlovelace.bcs.org/wp-content/uploads/msc_2a.png,200
https://bcswomenlovelace.bcs.org/wp-content/uploads/abstract-book-2025.pdf,200
https://bcswomenlovelace.bcs.org/wp-content/uploads/first_1.png,200
https://bcswomenlovelace.bcs.org/wp-content/uploads/msc_1.png,200
https://bcswomenlovelace.bcs.org/wp-content/uploads/viewfromstage.jpg,200
https://bcswomenlovelace.bcs.org/wp-content/uploads/second_1.png,200
https://bcswomenlovelace.bcs.org/wp-content/uploads/msc_2b.png,200
https://bcswomenlovelace.bcs.org/wp-content/uploads/people_1.png,200
https://bcswomenlovelace.bcs.org/wp-content/uploads/final_1.png,200
https://bcswomenlovelace.bcs.org/wp-content/uploads/second_2.png,200
https://bcswomenlovelace.bcs.org/wp-content/uploads/first_2.png,200
https://bcswomenlovelace.bcs.org/wp-content/uploads/qmu.jpg,200
https://bcswomenlovelace.bcs.org/wp-content/uploads/people_2.png,200
https://bcswomenlovelace.bcs.org/wp-content/uploads/final_2.png,200
https://bcswomenlovelace.bcs.org/wp-content/uploads/Lovelace-Colloquium-Sponsorship-Brochure-2025-v1.pdf,0
